car;modelo del año;country;kilometraje;no_of_cylinders;Desplazamiento;hp;weight;acelerar;price;Class;model_year;mileage;displacement;hp2;weight2;acceleration;price2
chevrolet chevelle malibu;1970;USA;18;8;307;130;3504;12;59078;vgood;70;low;medium;weak;heavy;med;vgood
buick skylark 320;1970;USA;15;8;350;165;3693;11.5;42273;vgood;70;low;medium;weak;heavy;med;vgood
plymouth satellite;1970;USA;18;8;318;150;3436;11;84373;vgood;70;low;medium;weak;heavy;med;vgood
amc rebel sst;1970;USA;16;8;304;150;3433;12;96888;vgood;70;low;medium;weak;heavy;med;vgood
ford torino;1970;USA;17;8;302;140;3449;10.5;20000;good;70;low;medium;weak;heavy;low;good
ford galaxie 500;1970;USA;15;8;429;198;4341;10;30000;vgood;70;low;long;weak;vheavy;low;vgood
chevrolet impala;1970;USA;14;8;454;220;4354;9;3349;acc;70;low;long;medium;vheavy;low;acc
plymouth fury iii;1970;USA;14;8;440;215;4312;8.5;46557;vgood;70;low;long;medium;vheavy;low;vgood
pontiac catalina;1970;USA;14;8;455;225;4425;10;53714;vgood;70;low;long;medium;vheavy;low;vgood
amc ambassador dpl;1970;USA;15;8;390;190;3850;8.5;5928;acc;70;low;medium;weak;heavy;low;acc
dodge challenger se;1970;USA;15;8;383;170;3563;10;30000;vgood;70;low;medium;weak;heavy;low;vgood
plymouth 'cuda 340;1970;USA;14;8;340;160;3609;8;92261;vgood;70;low;medium;weak;heavy;low;vgood
chevrolet monte carlo;1970;USA;15;8;400;150;3761;9.5;30000;vgood;70;low;medium;weak;heavy;low;vgood
buick estate wagon (sw);1970;USA;14;8;455;225;3086;10;32842;vgood;70;low;long;medium;heavy;low;vgood
toyota corona mark ii;1970;Japan;24;4;113;95;2372;15;36927;vgood;70;medium;short;vweak;regular;med;vgood
plymouth duster;1970;USA;22;6;198;95;2833;15.5;12561;good;70;medium;short;vweak;regular;med;good
amc hornet;1970;USA;18;6;199;97;2774;15.5;62236;vgood;70;low;short;vweak;regular;med;vgood
ford maverick;1970;USA;21;6;200;85;2587;16;30388;vgood;70;medium;short;vweak;regular;med;vgood
datsun pl510;1970;Japan;27;4;97;88;2130;14.5;23935;good;70;medium;vshort;vweak;regular;med;good
volkswagen 1131 deluxe sedan;1970;Europe;26;4;97;46;1835;20.5;27471;vgood;70;medium;vshort;vweak;small;med;vgood
peugeot 504;1970;Europe;25;4;110;87;2672;17.5;40000;vgood;70;medium;short;vweak;regular;med;vgood
audi 100 ls;1970;Europe;24;4;107;90;2430;14.5;35897;vgood;70;medium;short;vweak;regular;med;vgood
saab 99e;1970;Europe;25;4;104;95;2375;17.5;16906;good;70;medium;short;vweak;regular;med;good
bmw 2002;1970;Europe;26;4;121;113;2234;12.5;15048;good;70;medium;short;weak;regular;med;good
amc gremlin;1970;USA;21;6;199;90;2648;15;14046;good;70;medium;short;vweak;regular;med;good
ford f250;1970;USA;10;8;360;215;4615;14;25797;vgood;70;vlow;medium;medium;vheavy;med;vgood
chevy c20;1970;USA;10;8;307;200;4376;15;40000;vgood;70;vlow;medium;weak;vheavy;med;vgood
dodge d200;1970;USA;11;8;318;210;4382;13.5;24928;good;70;low;medium;medium;vheavy;med;good
hi 1200d;1970;USA;9;8;304;193;4732;18.5;45073;vgood;70;vlow;medium;weak;vheavy;med;vgood
datsun pl510;1971;Japan;27;4;97;88;2130;14.5;16992;good;70;medium;vshort;vweak;regular;med;good
chevrolet vega 2300;1971;USA;28;4;140;90;2264;15.5;13206;good;70;medium;short;vweak;regular;med;good
toyota corona;1971;Japan;25;4;113;95;2228;14;27079;vgood;70;medium;short;vweak;regular;med;vgood
ford pinto;1971;USA;25;4;98;;2046;19;26417;vgood;70;medium;vshort;vweak;regular;med;vgood
amc gremlin;1971;USA;19;6;232;100;2634;13;30000;vgood;70;low;medium;vweak;regular;med;vgood
plymouth satellite custom;1971;USA;16;6;225;105;3439;15.5;44535;vgood;70;low;medium;weak;heavy;med;vgood
chevrolet chevelle malibu;1971;USA;17;6;250;100;3329;15.5;40000;vgood;70;low;medium;vweak;heavy;med;vgood
ford torino 500;1971;USA;19;6;250;88;3302;15.5;30000;vgood;70;low;medium;vweak;heavy;med;vgood
amc matador;1971;USA;18;6;232;100;3288;15.5;33971;vgood;70;low;medium;vweak;heavy;med;vgood
chevrolet impala;1971;USA;14;8;350;165;4209;12;40000;vgood;70;low;medium;weak;vheavy;med;vgood
pontiac catalina brougham;1971;USA;14;8;400;175;4464;11.5;33794;vgood;70;low;medium;weak;vheavy;med;vgood
ford galaxie 500;1971;USA;14;8;351;153;4154;13.5;30000;vgood;70;low;medium;weak;vheavy;med;vgood
plymouth fury iii;1971;USA;14;8;318;150;4096;13;15359;good;70;low;medium;weak;vheavy;med;good
dodge monaco (sw);1971;USA;12;8;383;180;4955;11.5;23414;good;70;low;medium;weak;vheavy;med;good
ford country squire (sw);1971;USA;13;8;400;170;4746;12;44212;vgood;70;low;medium;weak;vheavy;med;vgood
pontiac safari (sw);1971;USA;13;8;400;175;5140;12;20000;good;70;low;medium;weak;vheavy;med;good
amc hornet sportabout (sw);1971;USA;18;6;258;110;2962;13.5;33328;vgood;70;low;medium;weak;regular;med;vgood
chevrolet vega (sw);1971;USA;22;4;140;72;2408;19;20000;good;70;medium;short;vweak;regular;med;good
pontiac firebird;1971;USA;19;6;250;100;3282;15;20000;good;70;low;medium;vweak;heavy;med;good
ford mustang;1971;USA;18;6;250;88;3139;14.5;40000;vgood;70;low;medium;vweak;heavy;med;vgood
mercury capri 2000;1971;USA;23;4;122;86;2220;14;27435;vgood;70;medium;short;vweak;regular;med;vgood
opel 1900;1971;Europe;28;4;116;90;2123;14;20000;good;70;medium;short;vweak;regular;med;good
peugeot 304;1971;Europe;30;4;79;70;2074;19.5;36587;vgood;70;medium;vshort;vweak;regular;med;vgood
fiat 124b;1971;Europe;30;4;88;76;2065;14.5;23791;good;70;medium;vshort;vweak;regular;med;good
toyota corolla 1200;1971;Japan;31;4;71;65;1773;19;30000;vgood;70;high;vshort;vweak;small;med;vgood
datsun 1200;1971;Japan;35;4;72;69;1613;18;40000;vgood;70;high;vshort;vweak;small;med;vgood
volkswagen model 111;1971;Europe;27;4;97;60;1834;19;30000;vgood;70;medium;vshort;vweak;small;med;vgood
plymouth cricket;1971;USA;26;4;91;70;1955;20.5;40000;vgood;70;medium;vshort;vweak;small;med;vgood
toyota corona hardtop;1972;Japan;24;4;113;95;2278;15.5;40000;vgood;70;medium;short;vweak;regular;med;vgood
dodge colt hardtop;1972;USA;25;4;97.5;80;2126;17;20000;good;70;medium;vshort;vweak;regular;med;good
volkswagen type 3;1972;Europe;23;4;97;54;2254;23.5;26197;vgood;70;medium;vshort;vweak;regular;high;vgood
chevrolet vega;1972;USA;20;4;140;90;2408;19.5;33019;vgood;70;low;short;vweak;regular;med;vgood
ford pinto runabout;1972;USA;21;4;122;86;2226;16.5;36453;vgood;70;medium;short;vweak;regular;med;vgood
chevrolet impala;1972;USA;13;8;350;165;4274;12;40000;vgood;70;low;medium;weak;vheavy;med;vgood
pontiac catalina;1972;USA;14;8;400;175;4385;12;26063;vgood;70;low;medium;weak;vheavy;med;vgood
plymouth fury iii;1972;USA;15;8;318;150;4135;13.5;34664;vgood;70;low;medium;weak;vheavy;med;vgood
ford galaxie 500;1972;USA;14;8;351;153;4129;13;20000;good;70;low;medium;weak;vheavy;med;good
amc ambassador sst;1972;USA;17;8;304;150;3672;11.5;20000;good;70;low;medium;weak;heavy;med;good
mercury marquis;1972;USA;11;8;429;208;4633;11;16223;good;70;low;long;medium;vheavy;med;good
buick lesabre custom;1972;USA;13;8;350;155;4502;13.5;5976;acc;70;low;medium;weak;vheavy;med;acc
oldsmobile delta 88 royale;1972;USA;12;8;350;160;4456;13.5;40000;vgood;70;low;medium;weak;vheavy;med;vgood
chrysler newport royal;1972;USA;13;8;400;190;4422;12.5;33049;vgood;70;low;medium;weak;vheavy;med;vgood
mazda rx2 coupe;1972;Japan;19;3;70;97;2330;13.5;25558;vgood;70;low;vshort;vweak;regular;med;vgood
amc matador (sw);1972;USA;15;8;304;150;3892;12.5;1598;acc;70;low;medium;weak;heavy;med;acc
chevrolet chevelle concours (sw);1972;USA;13;8;307;130;4098;14;20000;good;70;low;medium;weak;vheavy;med;good
ford gran torino (sw);1972;USA;13;8;302;140;4294;16;30000;vgood;70;low;medium;weak;vheavy;med;vgood
plymouth satellite custom (sw);1972;USA;14;8;318;150;4077;14;26694;vgood;70;low;medium;weak;vheavy;med;vgood
volvo 145e (sw);1972;Europe;18;4;121;112;2933;14.5;30000;vgood;70;low;short;weak;regular;med;vgood
volkswagen 411 (sw);1972;Europe;22;4;121;76;2511;18;40000;vgood;70;medium;short;vweak;regular;med;vgood
peugeot 504 (sw);1972;Europe;21;4;120;87;2979;19.5;16035;good;70;medium;short;vweak;regular;med;good
renault 12 (sw);1972;Europe;26;4;96;69;2189;18;44239;vgood;70;medium;vshort;vweak;regular;med;vgood
ford pinto (sw);1972;USA;22;4;122;86;2395;16;20000;good;70;medium;short;vweak;regular;med;good
datsun 510 (sw);1972;Japan;28;4;97;92;2288;17;36557;vgood;70;medium;vshort;vweak;regular;med;vgood
toyouta corona mark ii (sw);1972;Japan;23;4;120;97;2506;14.5;30000;vgood;70;medium;short;vweak;regular;med;vgood
dodge colt (sw);1972;USA;28;4;98;80;2164;15;20000;good;70;medium;vshort;vweak;regular;med;good
toyota corolla 1600 (sw);1972;Japan;27;4;97;88;2100;16.5;35088;vgood;70;medium;vshort;vweak;regular;med;vgood
buick century 350;1973;USA;13;8;350;175;4100;13;20000;good;70;low;medium;weak;vheavy;med;good
amc matador;1973;USA;14;8;304;150;3672;11.5;30000;vgood;70;low;medium;weak;heavy;med;vgood
chevrolet malibu;1973;USA;13;8;350;145;3988;13;24365;good;70;low;medium;weak;heavy;med;good
ford gran torino;1973;USA;14;8;302;137;4042;14.5;50306;vgood;70;low;medium;weak;vheavy;med;vgood
dodge coronet custom;1973;USA;15;8;318;150;3777;12.5;30000;vgood;70;low;medium;weak;heavy;med;vgood
mercury marquis brougham;1973;USA;12;8;429;198;4952;11.5;30000;vgood;70;low;long;weak;vheavy;med;vgood
chevrolet caprice classic;1973;USA;13;8;400;150;4464;12;35052;vgood;70;low;medium;weak;vheavy;med;vgood
ford ltd;1973;USA;13;8;351;158;4363;13;36489;vgood;70;low;medium;weak;vheavy;med;vgood
plymouth fury gran sedan;1973;USA;14;8;318;150;4237;14.5;53746;vgood;70;low;medium;weak;vheavy;med;vgood
chrysler new yorker brougham;1973;USA;13;8;440;215;4735;11;40000;vgood;70;low;long;medium;vheavy;med;vgood
buick electra 225 custom;1973;USA;12;8;455;225;4951;11;26261;vgood;70;low;long;medium;vheavy;med;vgood
amc ambassador brougham;1973;USA;13;8;360;175;3821;11;40000;vgood;70;low;medium;weak;heavy;med;vgood
plymouth valiant;1973;USA;18;6;225;105;3121;16.5;23284;good;70;low;medium;weak;heavy;med;good
chevrolet nova custom;1973;USA;16;6;250;100;3278;18;30000;vgood;70;low;medium;vweak;heavy;med;vgood
amc hornet;1973;USA;18;6;232;100;2945;16;30000;vgood;70;low;medium;vweak;regular;med;vgood
ford maverick;1973;USA;18;6;250;88;3021;16.5;33727;vgood;70;low;medium;vweak;heavy;med;vgood
plymouth duster;1973;USA;23;6;198;95;2904;16;25211;vgood;70;medium;short;vweak;regular;med;vgood
volkswagen super beetle;1973;Europe;26;4;97;46;1950;21;35995;vgood;70;medium;vshort;vweak;small;high;vgood
chevrolet impala;1973;USA;11;8;400;150;4997;14;24794;good;70;low;medium;weak;vheavy;med;good
ford country;1973;USA;12;8;400;167;4906;12.5;20000;good;70;low;medium;weak;vheavy;med;good
plymouth custom suburb;1973;USA;13;8;360;170;4654;13;34079;vgood;70;low;medium;weak;vheavy;med;vgood
oldsmobile vista cruiser;1973;USA;12;8;350;180;4499;12.5;34539;vgood;70;low;medium;weak;vheavy;med;vgood
amc gremlin;1973;USA;18;6;232;100;2789;15;17410;good;70;low;medium;vweak;regular;med;good
toyota carina;1973;Japan;20;4;97;88;2279;19;40000;vgood;70;low;vshort;vweak;regular;med;vgood
chevrolet vega;1973;USA;21;4;140;72;2401;19.5;43478;vgood;70;medium;short;vweak;regular;med;vgood
datsun 610;1973;Japan;22;4;108;94;2379;16.5;20000;good;70;medium;short;vweak;regular;med;good
maxda rx3;1973;Japan;18;3;70;90;2124;13.5;47897;vgood;70;low;vshort;vweak;regular;med;vgood
ford pinto;1973;USA;19;4;122;85;2310;18.5;40000;vgood;70;low;short;vweak;regular;med;vgood
mercury capri v6;1973;USA;21;6;155;107;2472;14;30000;vgood;70;medium;short;weak;regular;med;vgood
fiat 124 sport coupe;1973;Europe;26;4;98;90;2265;15.5;20000;good;70;medium;vshort;vweak;regular;med;good
chevrolet monte carlo s;1973;USA;15;8;350;145;4082;13;26356;vgood;70;low;medium;weak;vheavy;med;vgood
pontiac grand prix;1973;USA;16;8;400;230;4278;9.5;27104;vgood;70;low;medium;medium;vheavy;low;vgood
fiat 128;1973;Europe;29;4;68;49;1867;19.5;30000;vgood;70;medium;vshort;vweak;small;med;vgood
opel manta;1973;Europe;24;4;116;75;2158;15.5;30000;vgood;70;medium;short;vweak;regular;med;vgood
audi 100ls;1973;Europe;20;4;114;91;2582;14;36718;vgood;70;low;short;vweak;regular;med;vgood
volvo 144ea;1973;Europe;19;4;121;112;2868;15.5;30000;vgood;70;low;short;weak;regular;med;vgood
dodge dart custom;1973;USA;15;8;318;150;3399;11;40000;vgood;70;low;medium;weak;heavy;med;vgood
saab 99le;1973;Europe;24;4;121;110;2660;14;30000;vgood;70;medium;short;weak;regular;med;vgood
toyota mark ii;1973;Japan;20;6;156;122;2807;13.5;30000;vgood;70;low;short;weak;regular;med;vgood
oldsmobile omega;1973;USA;11;8;350;180;3664;11;9007;acc;70;low;medium;weak;heavy;med;acc
plymouth duster;1974;USA;20;6;198;95;3102;16.5;20000;good;70;low;short;vweak;heavy;med;good
ford maverick;1974;USA;21;6;200;;2875;17;36837;vgood;70;medium;short;vweak;regular;med;vgood
amc hornet;1974;USA;19;6;232;100;2901;16;30000;vgood;70;low;medium;vweak;regular;med;vgood
chevrolet nova;1974;USA;15;6;250;100;3336;17;34167;vgood;70;low;medium;vweak;heavy;med;vgood
datsun b210;1974;Japan;31;4;79;67;1950;19;30000;vgood;70;high;vshort;vweak;small;med;vgood
ford pinto;1974;USA;26;4;122;80;2451;16.5;40000;vgood;70;medium;short;vweak;regular;med;vgood
toyota corolla 1200;1974;Japan;32;4;71;65;1836;21;50430;vgood;70;high;vshort;vweak;small;high;vgood
chevrolet vega;1974;USA;25;4;140;75;2542;17;30000;vgood;70;medium;short;vweak;regular;med;vgood
chevrolet chevelle malibu classic;1974;USA;16;6;250;100;3781;17;20000;good;70;low;medium;vweak;heavy;med;good
amc matador;1974;USA;16;6;258;110;3632;18;35815;vgood;70;low;medium;weak;heavy;med;vgood
plymouth satellite sebring;1974;USA;18;6;225;105;3613;16.5;30000;vgood;70;low;medium;weak;heavy;med;vgood
ford gran torino;1974;USA;16;8;302;140;4141;14;27028;vgood;70;low;medium;weak;vheavy;med;vgood
buick century luxus (sw);1974;USA;13;8;350;150;4699;14.5;20000;good;70;low;medium;weak;vheavy;med;good
dodge coronet custom (sw);1974;USA;14;8;318;150;4457;13.5;30000;vgood;70;low;medium;weak;vheavy;med;vgood
ford gran torino (sw);1974;USA;14;8;302;140;4638;16;43956;vgood;70;low;medium;weak;vheavy;med;vgood
amc matador (sw);1974;USA;14;8;304;150;4257;15.5;30000;vgood;70;low;medium;weak;vheavy;med;vgood
audi fox;1974;Europe;29;4;98;83;2219;16.5;27393;vgood;70;medium;vshort;vweak;regular;med;vgood
volkswagen dasher;1974;Europe;26;4;79;67;1963;15.5;40000;vgood;70;medium;vshort;vweak;small;med;vgood
opel manta;1974;Europe;26;4;97;78;2300;14.5;10064;good;70;medium;vshort;vweak;regular;med;good
toyota corona;1974;Japan;31;4;76;52;1649;16.5;20000;good;70;high;vshort;vweak;small;med;good
datsun 710;1974;Japan;32;4;83;61;2003;19;22599;good;70;high;vshort;vweak;regular;med;good
dodge colt;1974;USA;28;4;90;75;2125;14.5;30000;vgood;70;medium;vshort;vweak;regular;med;vgood
fiat 128;1974;Europe;24;4;90;75;2108;15.5;36360;vgood;70;medium;vshort;vweak;regular;med;vgood
fiat 124 tc;1974;Europe;26;4;116;75;2246;14;24285;good;70;medium;short;vweak;regular;med;good
honda civic;1974;Japan;24;4;120;97;2489;15;30000;vgood;70;medium;short;vweak;regular;med;vgood
subaru;1974;Japan;26;4;108;93;2391;15.5;26415;vgood;70;medium;short;vweak;regular;med;vgood
fiat x1.9;1974;Europe;31;4;79;67;2000;16;8068;acc;70;high;vshort;vweak;small;med;acc
plymouth valiant custom;1975;USA;19;6;225;95;3264;16;20000;good;70;low;medium;vweak;heavy;med;good
chevrolet nova;1975;USA;18;6;250;105;3459;16;35725;vgood;70;low;medium;weak;heavy;med;vgood
mercury monarch;1975;USA;15;6;250;72;3432;21;12389;good;70;low;medium;vweak;heavy;high;good
ford maverick;1975;USA;15;6;250;72;3158;19.5;30000;vgood;70;low;medium;vweak;heavy;med;vgood
pontiac catalina;1975;USA;16;8;400;170;4668;11.5;40000;vgood;70;low;medium;weak;vheavy;med;vgood
chevrolet bel air;1975;USA;15;8;350;145;4440;14;8844;acc;70;low;medium;weak;vheavy;med;acc
plymouth grand fury;1975;USA;16;8;318;150;4498;14.5;7250;acc;70;low;medium;weak;vheavy;med;acc
ford ltd;1975;USA;14;8;351;148;4657;13.5;40000;vgood;70;low;medium;weak;vheavy;med;vgood
buick century;1975;USA;17;6;231;110;3907;21;43914;vgood;70;low;medium;weak;heavy;high;vgood
chevroelt chevelle malibu;1975;USA;16;6;250;105;3897;18.5;16545;good;70;low;medium;weak;heavy;med;good
amc matador;1975;USA;15;6;258;110;3730;19;25350;vgood;70;low;medium;weak;heavy;med;vgood
plymouth fury;1975;USA;18;6;225;95;3785;19;30000;vgood;70;low;medium;vweak;heavy;med;vgood
buick skyhawk;1975;USA;21;6;231;110;3039;15;34086;vgood;70;medium;medium;weak;heavy;med;vgood
chevrolet monza 2+2;1975;USA;20;8;262;110;3221;13.5;30000;vgood;70;low;medium;weak;heavy;med;vgood
ford mustang ii;1975;USA;13;8;302;129;3169;12;34458;vgood;70;low;medium;weak;heavy;med;vgood
toyota corolla;1975;Japan;29;4;97;75;2171;16;30000;vgood;70;medium;vshort;vweak;regular;med;vgood
ford pinto;1975;USA;23;4;140;83;2639;17;16969;good;70;medium;short;vweak;regular;med;good
amc gremlin;1975;USA;20;6;232;100;2914;16;22601;good;70;low;medium;vweak;regular;med;good
pontiac astro;1975;USA;23;4;140;78;2592;18.5;30000;vgood;70;medium;short;vweak;regular;med;vgood
toyota corona;1975;Japan;24;4;134;96;2702;13.5;5579;acc;70;medium;short;vweak;regular;med;acc
volkswagen dasher;1975;Europe;25;4;90;71;2223;16.5;34296;vgood;70;medium;vshort;vweak;regular;med;vgood
datsun 710;1975;Japan;24;4;119;97;2545;17;24360;good;70;medium;short;vweak;regular;med;good
ford pinto;1975;USA;18;6;171;97;2984;14.5;40000;vgood;70;low;short;vweak;regular;med;vgood
volkswagen rabbit;1975;Europe;29;4;90;70;1937;14;23556;good;70;medium;vshort;vweak;small;med;good
amc pacer;1975;USA;19;6;232;90;3211;17;25780;vgood;70;low;medium;vweak;heavy;med;vgood
audi 100ls;1975;Europe;23;4;115;95;2694;15;16577;good;70;medium;short;vweak;regular;med;good
peugeot 504;1975;Europe;23;4;120;88;2957;17;30000;vgood;70;medium;short;vweak;regular;med;vgood
volvo 244dl;1975;Europe;22;4;121;98;2945;14.5;40000;vgood;70;medium;short;vweak;regular;med;vgood
saab 99le;1975;Europe;25;4;121;115;2671;13.5;17081;good;70;medium;short;weak;regular;med;good
honda civic cvcc;1975;Japan;33;4;91;53;1795;17.5;25437;vgood;70;high;vshort;vweak;small;med;vgood
fiat 131;1976;Europe;28;4;107;86;2464;15.5;37496;vgood;70;medium;short;vweak;regular;med;vgood
opel 1900;1976;Europe;25;4;116;81;2220;16.9;23326;good;70;medium;short;vweak;regular;med;good
capri ii;1976;USA;25;4;140;92;2572;14.9;30000;vgood;70;medium;short;vweak;regular;med;vgood
dodge colt;1976;USA;26;4;98;79;2255;17.7;33128;vgood;70;medium;vshort;vweak;regular;med;vgood
renault 12tl;1976;Europe;27;4;101;83;2202;15.3;30000;vgood;70;medium;short;vweak;regular;med;vgood
chevrolet chevelle malibu classic;1976;USA;17.5;8;305;140;4215;13;25547;vgood;70;low;medium;weak;vheavy;med;vgood
dodge coronet brougham;1976;USA;16;8;318;150;4190;13;20000;good;70;low;medium;weak;vheavy;med;good
amc matador;1976;USA;15.5;8;304;120;3962;13.9;20000;good;70;low;medium;weak;heavy;med;good
ford gran torino;1976;USA;14.5;8;351;152;4215;12.8;47075;vgood;70;low;medium;weak;vheavy;med;vgood
plymouth valiant;1976;USA;22;6;225;100;3233;15.4;40000;vgood;70;medium;medium;vweak;heavy;med;vgood
chevrolet nova;1976;USA;22;6;250;105;3353;14.5;44634;vgood;70;medium;medium;weak;heavy;med;vgood
ford maverick;1976;USA;24;6;200;81;3012;17.6;50180;vgood;70;medium;short;vweak;heavy;med;vgood
amc hornet;1976;USA;22.5;6;232;90;3085;17.6;13137;good;70;medium;medium;vweak;heavy;med;good
chevrolet chevette;1976;USA;29;4;85;52;2035;22.2;40000;vgood;70;medium;vshort;vweak;regular;high;vgood
chevrolet woody;1976;USA;24.5;4;98;60;2164;22.1;30000;vgood;70;medium;vshort;vweak;regular;high;vgood
vw rabbit;1976;Europe;29;4;90;70;1937;14.2;20000;good;70;medium;vshort;vweak;small;med;good
honda civic;1976;Japan;33;4;91;53;1795;17.4;40000;vgood;70;high;vshort;vweak;small;med;vgood
dodge aspen se;1976;USA;20;6;225;100;3651;17.7;30000;vgood;70;low;medium;vweak;heavy;med;vgood
ford granada ghia;1976;USA;18;6;250;78;3574;21;26411;vgood;70;low;medium;vweak;heavy;high;vgood
pontiac ventura sj;1976;USA;18.5;6;250;110;3645;16.2;26090;vgood;70;low;medium;weak;heavy;med;vgood
amc pacer d/l;1976;USA;17.5;6;258;95;3193;17.8;30000;vgood;70;low;medium;vweak;heavy;med;vgood
volkswagen rabbit;1976;Europe;29.5;4;97;71;1825;12.2;23641;good;70;medium;vshort;vweak;small;med;good
datsun b-210;1976;Japan;32;4;85;70;1990;17;34072;vgood;70;high;vshort;vweak;small;med;vgood
toyota corolla;1976;Japan;28;4;97;75;2155;16.4;22682;good;70;medium;vshort;vweak;regular;med;good
ford pinto;1976;USA;26.5;4;140;72;2565;13.6;40000;vgood;70;medium;short;vweak;regular;med;vgood
volvo 245;1976;Europe;20;4;130;102;3150;15.7;40000;vgood;70;low;short;weak;heavy;med;vgood
plymouth volare premier v8;1976;USA;13;8;318;150;3940;13.2;22781;good;70;low;medium;weak;heavy;med;good
peugeot 504;1976;Europe;19;4;120;88;3270;21.9;26122;vgood;70;low;short;vweak;heavy;high;vgood
toyota mark ii;1976;Japan;19;6;156;108;2930;15.5;14501;good;70;low;short;weak;regular;med;good
mercedes-benz 280s;1976;Europe;16.5;6;168;120;3820;16.7;24938;good;70;low;short;weak;heavy;med;good
cadillac seville;1976;USA;16.5;8;350;180;4380;12.1;16557;good;70;low;medium;weak;vheavy;med;good
chevy c10;1976;USA;13;8;350;145;4055;12;30000;vgood;70;low;medium;weak;vheavy;med;vgood
ford f108;1976;USA;13;8;302;130;3870;15;20000;good;70;low;medium;weak;heavy;med;good
dodge d100;1976;USA;13;8;318;150;3755;14;20000;good;70;low;medium;weak;heavy;med;good
honda accord cvcc;1977;Japan;31.5;4;98;68;2045;18.5;16288;good;70;high;vshort;vweak;regular;med;good
buick opel isuzu deluxe;1977;USA;30;4;111;80;2155;14.8;25531;vgood;70;medium;short;vweak;regular;med;vgood
renault 5 gtl;1977;Europe;36;4;79;58;1825;18.6;20000;good;70;high;vshort;vweak;small;med;good
plymouth arrow gs;1977;USA;25.5;4;122;96;2300;15.5;30000;vgood;70;medium;short;vweak;regular;med;vgood
datsun f-10 hatchback;1977;Japan;33.5;4;85;70;1945;16.8;30000;vgood;70;high;vshort;vweak;small;med;vgood
chevrolet caprice classic;1977;USA;17.5;8;305;145;3880;12.5;30000;vgood;70;low;medium;weak;heavy;med;vgood
oldsmobile cutlass supreme;1977;USA;17;8;260;110;4060;19;30000;vgood;70;low;medium;weak;vheavy;med;vgood
dodge monaco brougham;1977;USA;15.5;8;318;145;4140;13.7;40000;vgood;70;low;medium;weak;vheavy;med;vgood
mercury cougar brougham;1977;USA;15;8;302;130;4295;14.9;20000;good;70;low;medium;weak;vheavy;med;good
chevrolet concours;1977;USA;17.5;6;250;110;3520;16.4;20000;good;70;low;medium;weak;heavy;med;good
buick skylark;1977;USA;20.5;6;231;105;3425;16.9;30000;vgood;70;low;medium;weak;heavy;med;vgood
plymouth volare custom;1977;USA;19;6;225;100;3630;17.7;26631;vgood;70;low;medium;vweak;heavy;med;vgood
ford granada;1977;USA;18.5;6;250;98;3525;19;36454;vgood;70;low;medium;vweak;heavy;med;vgood
pontiac grand prix lj;1977;USA;16;8;400;180;4220;11.1;16331;good;70;low;medium;weak;vheavy;med;good
chevrolet monte carlo landau;1977;USA;15.5;8;350;170;4165;11.4;40000;vgood;70;low;medium;weak;vheavy;med;vgood
chrysler cordoba;1977;USA;15.5;8;400;190;4325;12.2;20000;good;70;low;medium;weak;vheavy;med;good
ford thunderbird;1977;USA;16;8;351;149;4335;14.5;40000;vgood;70;low;medium;weak;vheavy;med;vgood
volkswagen rabbit custom;1977;Europe;29;4;97;78;1940;14.5;44398;vgood;70;medium;vshort;vweak;small;med;vgood
pontiac sunbird coupe;1977;USA;24.5;4;151;88;2740;16;22768;good;70;medium;short;vweak;regular;med;good
toyota corolla liftback;1977;Japan;26;4;97;75;2265;18.2;24052;good;70;medium;vshort;vweak;regular;med;good
ford mustang ii 2+2;1977;USA;25.5;4;140;89;2755;15.8;30000;vgood;70;medium;short;vweak;regular;med;vgood
chevrolet chevette;1977;USA;30.5;4;98;63;2051;17;40000;vgood;70;medium;vshort;vweak;regular;med;vgood
dodge colt m/m;1977;USA;33.5;4;98;83;2075;15.9;36579;vgood;70;high;vshort;vweak;regular;med;vgood
subaru dl;1977;Japan;30;4;97;67;1985;16.4;32736;vgood;70;medium;vshort;vweak;small;med;vgood
volkswagen dasher;1977;Europe;30.5;4;97;78;2190;14.1;20000;good;70;medium;vshort;vweak;regular;med;good
datsun 810;1977;Japan;22;6;146;97;2815;14.5;42883;vgood;70;medium;short;vweak;regular;med;vgood
bmw 320i;1977;Europe;21.5;4;121;110;2600;12.8;23927;good;70;medium;short;weak;regular;med;good
mazda rx-4;1977;Japan;21.5;3;80;110;2720;13.5;23762;good;70;medium;vshort;weak;regular;med;good
volkswagen rabbit custom diesel;1978;Europe;43.1;4;90;48;1985;21.5;30000;vgood;70;vhigh;vshort;vweak;small;high;vgood
ford fiesta;1978;USA;36.1;4;98;66;1800;14.4;30000;vgood;70;high;vshort;vweak;small;med;vgood
mazda glc deluxe;1978;Japan;32.8;4;78;52;1985;19.4;32914;vgood;70;high;vshort;vweak;small;med;vgood
datsun b210 gx;1978;Japan;39.4;4;85;70;2070;18.6;40000;vgood;70;high;vshort;vweak;regular;med;vgood
honda civic cvcc;1978;Japan;36.1;4;91;60;1800;16.4;30000;vgood;70;high;vshort;vweak;small;med;vgood
oldsmobile cutlass salon brougham;1978;USA;19.9;8;260;110;3365;15.5;30000;vgood;70;low;medium;weak;heavy;med;vgood
dodge diplomat;1978;USA;19.4;8;318;140;3735;13.2;40000;vgood;70;low;medium;weak;heavy;med;vgood
mercury monarch ghia;1978;USA;20.2;8;302;139;3570;12.8;34089;vgood;70;low;medium;weak;heavy;med;vgood
pontiac phoenix lj;1978;USA;19.2;6;231;105;3535;19.2;30000;vgood;70;low;medium;weak;heavy;med;vgood
chevrolet malibu;1978;USA;20.5;6;200;95;3155;18.2;20000;good;70;low;short;vweak;heavy;med;good
ford fairmont (auto);1978;USA;20.2;6;200;85;2965;15.8;30000;vgood;70;low;short;vweak;regular;med;vgood
ford fairmont (man);1978;USA;25.1;4;140;88;2720;15.4;40000;vgood;70;medium;short;vweak;regular;med;vgood
plymouth volare;1978;USA;20.5;6;225;100;3430;17.2;30000;vgood;70;low;medium;vweak;heavy;med;vgood
amc concord;1978;USA;19.4;6;232;90;3210;17.2;30000;vgood;70;low;medium;vweak;heavy;med;vgood
buick century special;1978;USA;20.6;6;231;105;3380;15.8;40000;vgood;70;low;medium;weak;heavy;med;vgood
mercury zephyr;1978;USA;20.8;6;200;85;3070;16.7;33561;vgood;70;low;short;vweak;heavy;med;vgood
dodge aspen;1978;USA;18.6;6;225;110;3620;18.7;33044;vgood;70;low;medium;weak;heavy;med;vgood
amc concord d/l;1978;USA;18.1;6;258;120;3410;15.1;25626;vgood;70;low;medium;weak;heavy;med;vgood
chevrolet monte carlo landau;1978;USA;19.2;8;305;145;3425;13.2;50025;vgood;70;low;medium;weak;heavy;med;vgood
buick regal sport coupe (turbo);1978;USA;17.7;6;231;165;3445;13.4;20000;good;70;low;medium;weak;heavy;med;good
ford futura;1978;USA;18.1;8;302;139;3205;11.2;35375;vgood;70;low;medium;weak;heavy;med;vgood
dodge magnum xe;1978;USA;17.5;8;318;140;4080;13.7;26331;vgood;70;low;medium;weak;vheavy;med;vgood
chevrolet chevette;1978;USA;30;4;98;68;2155;16.5;49296;vgood;70;medium;vshort;vweak;regular;med;vgood
toyota corona;1978;Japan;27.5;4;134;95;2560;14.2;30000;vgood;70;medium;short;vweak;regular;med;vgood
datsun 510;1978;Japan;27.2;4;119;97;2300;14.7;35110;vgood;70;medium;short;vweak;regular;med;vgood
dodge omni;1978;USA;30.9;4;105;75;2230;14.5;24167;good;70;medium;short;vweak;regular;med;good
toyota celica gt liftback;1978;Japan;21.1;4;134;95;2515;14.8;14512;good;70;medium;short;vweak;regular;med;good
plymouth sapporo;1978;USA;23.2;4;156;105;2745;16.7;36338;vgood;70;medium;short;weak;regular;med;vgood
oldsmobile starfire sx;1978;USA;23.8;4;151;85;2855;17.6;30000;vgood;70;medium;short;vweak;regular;med;vgood
datsun 200-sx;1978;Japan;23.9;4;119;97;2405;14.9;47710;vgood;70;medium;short;vweak;regular;med;vgood
audi 5000;1978;Europe;20.3;5;131;103;2830;15.9;43262;vgood;70;low;short;weak;regular;med;vgood
volvo 264gl;1978;Europe;17;6;163;125;3140;13.6;44816;vgood;70;low;short;weak;heavy;med;vgood
saab 99gle;1978;Europe;21.6;4;121;115;2795;15.7;47598;vgood;70;medium;short;weak;regular;med;vgood
peugeot 604sl;1978;Europe;16.2;6;163;133;3410;15.8;23052;good;70;low;short;weak;heavy;med;good
volkswagen scirocco;1978;Europe;31.5;4;89;71;1990;14.9;30000;vgood;70;high;vshort;vweak;small;med;vgood
honda accord lx;1978;Japan;29.5;4;98;68;2135;16.6;20000;good;70;medium;vshort;vweak;regular;med;good
pontiac lemans v6;1979;USA;21.5;6;231;115;3245;15.4;20000;good;70;medium;medium;weak;heavy;med;good
mercury zephyr 6;1979;USA;19.8;6;200;85;2990;18.2;37444;vgood;70;low;short;vweak;regular;med;vgood
ford fairmont 4;1979;USA;22.3;4;140;88;2890;17.3;20000;good;70;medium;short;vweak;regular;med;good
amc concord dl 6;1979;USA;20.2;6;232;90;3265;18.2;12841;good;70;low;medium;vweak;heavy;med;good
dodge aspen 6;1979;USA;20.6;6;225;110;3360;16.6;26927;vgood;70;low;medium;weak;heavy;med;vgood
chevrolet caprice classic;1979;USA;17;8;305;130;3840;15.4;30000;vgood;70;low;medium;weak;heavy;med;vgood
ford ltd landau;1979;USA;17.6;8;302;129;3725;13.4;52480;vgood;70;low;medium;weak;heavy;med;vgood
mercury grand marquis;1979;USA;16.5;8;351;138;3955;13.2;13074;good;70;low;medium;weak;heavy;med;good
dodge st. regis;1979;USA;18.2;8;318;135;3830;15.2;8766;acc;70;low;medium;weak;heavy;med;acc
buick estate wagon (sw);1979;USA;16.9;8;350;155;4360;14.9;24606;good;70;low;medium;weak;vheavy;med;good
ford country squire (sw);1979;USA;15.5;8;351;142;4054;14.3;25696;vgood;70;low;medium;weak;vheavy;med;vgood
chevrolet malibu classic (sw);1979;USA;19.2;8;267;125;3605;15;26157;vgood;70;low;medium;weak;heavy;med;vgood
chrysler lebaron town @ country (sw);1979;USA;18.5;8;360;150;3940;13;14944;good;70;low;medium;weak;heavy;med;good
vw rabbit custom;1979;Europe;31.9;4;89;71;1925;14;40000;vgood;70;high;vshort;vweak;small;med;vgood
maxda glc deluxe;1979;Japan;34.1;4;86;65;1975;15.2;20000;good;70;high;vshort;vweak;small;med;good
dodge colt hatchback custom;1979;USA;35.7;4;98;80;1915;14.4;44272;vgood;70;high;vshort;vweak;small;med;vgood
amc spirit dl;1979;USA;27.4;4;121;80;2670;15;40000;vgood;70;medium;short;vweak;regular;med;vgood
mercedes benz 300d;1979;Europe;25.4;5;183;77;3530;20.1;20000;good;70;medium;short;vweak;heavy;med;good
cadillac eldorado;1979;USA;23;8;350;125;3900;17.4;44274;vgood;70;medium;medium;weak;heavy;med;vgood
peugeot 504;1979;Europe;27.2;4;141;71;3190;24.8;24639;good;70;medium;short;vweak;heavy;high;good
oldsmobile cutlass salon brougham;1979;USA;23.9;8;260;90;3420;22.2;33062;vgood;70;medium;medium;vweak;heavy;high;vgood
plymouth horizon;1979;USA;34.2;4;105;70;2200;13.2;30000;vgood;70;high;short;vweak;regular;med;vgood
plymouth horizon tc3;1979;USA;34.5;4;105;70;2150;14.9;22907;good;70;high;short;vweak;regular;med;good
datsun 210;1979;Japan;31.8;4;85;65;2020;19.2;30000;vgood;70;high;vshort;vweak;regular;med;vgood
fiat strada custom;1979;Europe;37.3;4;91;69;2130;14.7;30000;vgood;70;high;vshort;vweak;regular;med;vgood
buick skylark limited;1979;USA;28.4;4;151;90;2670;16;33323;vgood;70;medium;short;vweak;regular;med;vgood
chevrolet citation;1979;USA;28.8;6;173;115;2595;11.3;30000;vgood;70;medium;short;weak;regular;med;vgood
oldsmobile omega brougham;1979;USA;26.8;6;173;115;2700;12.9;45924;vgood;70;medium;short;weak;regular;med;vgood
pontiac phoenix;1979;USA;33.5;4;151;90;2556;13.2;49549;vgood;70;high;short;vweak;regular;med;vgood
vw rabbit;1980;Europe;41.5;4;98;76;2144;14.7;48911;vgood;80;vhigh;vshort;vweak;regular;med;vgood
toyota corolla tercel;1980;Japan;38.1;4;89;60;1968;18.8;20000;good;80;high;vshort;vweak;small;med;good
chevrolet chevette;1980;USA;32.1;4;98;70;2120;15.5;8401;acc;80;high;vshort;vweak;regular;med;acc
datsun 310;1980;Japan;37.2;4;86;65;2019;16.4;34035;vgood;80;high;vshort;vweak;regular;med;vgood
chevrolet citation;1980;USA;28;4;151;90;2678;16.5;34799;vgood;80;medium;short;vweak;regular;med;vgood
ford fairmont;1980;USA;26.4;4;140;88;2870;18.1;17032;good;80;medium;short;vweak;regular;med;good
amc concord;1980;USA;24.3;4;151;90;3003;20.1;30000;vgood;80;medium;short;vweak;heavy;med;vgood
dodge aspen;1980;USA;19.1;6;225;90;3381;18.7;30000;vgood;80;low;medium;vweak;heavy;med;vgood
audi 4000;1980;Europe;34.3;4;97;78;2188;15.8;40000;vgood;80;high;vshort;vweak;regular;med;vgood
toyota corona liftback;1980;Japan;29.8;4;134;90;2711;15.5;40000;vgood;80;medium;short;vweak;regular;med;vgood
mazda 626;1980;Japan;31.3;4;120;75;2542;17.5;27206;vgood;80;high;short;vweak;regular;med;vgood
datsun 510 hatchback;1980;Japan;37;4;119;92;2434;15;47697;vgood;80;high;short;vweak;regular;med;vgood
toyota corolla;1980;Japan;32.2;4;108;75;2265;15.2;30000;vgood;80;high;short;vweak;regular;med;vgood
mazda glc;1980;Japan;46.6;4;86;65;2110;17.9;30000;vgood;80;vhigh;vshort;vweak;regular;med;vgood
dodge colt;1980;USA;27.9;4;156;105;2800;14.4;52036;vgood;80;medium;short;weak;regular;med;vgood
datsun 210;1980;Japan;40.8;4;85;65;2110;19.2;26408;vgood;80;high;vshort;vweak;regular;med;vgood
vw rabbit c (diesel);1980;Europe;44.3;4;90;48;2085;21.7;51239;vgood;80;vhigh;vshort;vweak;regular;high;vgood
vw dasher (diesel);1980;Europe;43.4;4;90;48;2335;23.7;40000;vgood;80;vhigh;vshort;vweak;regular;high;vgood
audi 5000s (diesel);1980;Europe;36.4;5;121;67;2950;19.9;44495;vgood;80;high;short;vweak;regular;med;vgood
mercedes-benz 240d;1980;Europe;30;4;146;67;3250;21.8;20000;good;80;medium;short;vweak;heavy;high;good
honda civic 1500 gl;1980;Japan;44.6;4;91;67;1850;13.8;20000;good;80;vhigh;vshort;vweak;small;med;good
renault lecar deluxe;1980;Europe;40.9;4;85;;1835;17.3;32651;vgood;80;high;vshort;vweak;small;med;vgood
subaru dl;1980;Japan;33.8;4;97;67;2145;18;35336;vgood;80;high;vshort;vweak;regular;med;vgood
vokswagen rabbit;1980;Europe;29.8;4;89;62;1845;15.3;30000;vgood;80;medium;vshort;vweak;small;med;vgood
datsun 280-zx;1980;Japan;32.7;6;168;132;2910;11.4;25944;vgood;80;high;short;weak;regular;med;vgood
mazda rx-7 gs;1980;Japan;23.7;3;70;100;2420;12.5;44730;vgood;80;medium;vshort;vweak;regular;med;vgood
triumph tr7 coupe;1980;Europe;35;4;122;88;2500;15.1;30000;vgood;80;high;short;vweak;regular;med;vgood
ford mustang cobra;1980;USA;23.6;4;140;;2905;14.3;24750;good;80;medium;short;vweak;regular;med;good
honda accord;1980;Japan;32.4;4;107;72;2290;17;40000;vgood;80;high;short;vweak;regular;med;vgood
plymouth reliant;1981;USA;27.2;4;135;84;2490;15.7;43221;vgood;80;medium;short;vweak;regular;med;vgood
buick skylark;1981;USA;26.6;4;151;84;2635;16.4;20000;good;80;medium;short;vweak;regular;med;good
dodge aries wagon (sw);1981;USA;25.8;4;156;92;2620;14.4;11461;good;80;medium;short;vweak;regular;med;good
chevrolet citation;1981;USA;23.5;6;173;110;2725;12.6;40000;vgood;80;medium;short;weak;regular;med;vgood
plymouth reliant;1981;USA;30;4;135;84;2385;12.9;33838;vgood;80;medium;short;vweak;regular;med;vgood
toyota starlet;1981;Japan;39.1;4;79;58;1755;16.9;30000;vgood;80;high;vshort;vweak;small;med;vgood
plymouth champ;1981;USA;39;4;86;64;1875;16.4;24040;good;80;high;vshort;vweak;small;med;good
honda civic 1300;1981;Japan;35.1;4;81;60;1760;16.1;26717;vgood;80;high;vshort;vweak;small;med;vgood
subaru;1981;Japan;32.3;4;97;67;2065;17.8;13901;good;80;high;vshort;vweak;regular;med;good
datsun 210 mpg;1981;Japan;37;4;85;65;1975;19.4;17268;good;80;high;vshort;vweak;small;med;good
toyota tercel;1981;Japan;37.7;4;89;62;2050;17.3;50476;vgood;80;high;vshort;vweak;regular;med;vgood
mazda glc 4;1981;Japan;34.1;4;91;68;1985;16;49151;vgood;80;high;vshort;vweak;small;med;vgood
plymouth horizon 4;1981;USA;34.7;4;105;63;2215;14.9;30000;vgood;80;high;short;vweak;regular;med;vgood
ford escort 4w;1981;USA;34.4;4;98;65;2045;16.2;20000;good;80;high;vshort;vweak;regular;med;good
ford escort 2h;1981;USA;29.9;4;98;65;2380;20.7;20000;good;80;medium;vshort;vweak;regular;med;good
volkswagen jetta;1981;Europe;33;4;105;74;2190;14.2;30000;vgood;80;high;short;vweak;regular;med;vgood
renault 18i;1981;Europe;34.5;4;100;;2320;15.8;30000;vgood;80;high;vshort;vweak;regular;med;vgood
honda prelude;1981;Japan;33.7;4;107;75;2210;14.4;20000;good;80;high;short;vweak;regular;med;good
toyota corolla;1981;Japan;32.4;4;108;75;2350;16.8;30000;vgood;80;high;short;vweak;regular;med;vgood
datsun 200sx;1981;Japan;32.9;4;119;100;2615;14.8;30000;vgood;80;high;short;vweak;regular;med;vgood
mazda 626;1981;Japan;31.6;4;120;74;2635;18.3;40000;vgood;80;high;short;vweak;regular;med;vgood
peugeot 505s turbo diesel;1981;Europe;28.1;4;141;80;3230;20.4;20000;good;80;medium;short;vweak;heavy;med;good
volvo diesel;1981;Europe;30.7;6;145;76;3160;19.6;40000;vgood;80;medium;short;vweak;heavy;med;vgood
toyota cressida;1981;Japan;25.4;6;168;116;2900;12.6;30000;vgood;80;medium;short;weak;regular;med;vgood
datsun 810 maxima;1981;Japan;24.2;6;146;120;2930;13.8;32646;vgood;80;medium;short;weak;regular;med;vgood
buick century;1981;USA;22.4;6;231;110;3415;15.8;25571;vgood;80;medium;medium;weak;heavy;med;vgood
oldsmobile cutlass ls;1981;USA;26.6;8;350;105;3725;19;30000;vgood;80;medium;medium;weak;heavy;med;vgood
ford granada gl;1981;USA;20.2;6;200;88;3060;17.1;30000;vgood;80;low;short;vweak;heavy;med;vgood
chrysler lebaron salon;1981;USA;17.6;6;225;85;3465;16.6;23724;good;80;low;medium;vweak;heavy;med;good
chevrolet cavalier;1982;USA;28;4;112;88;2605;19.6;27235;vgood;80;medium;short;vweak;regular;med;vgood
chevrolet cavalier wagon;1982;USA;27;4;112;88;2640;18.6;42667;vgood;80;medium;short;vweak;regular;med;vgood
chevrolet cavalier 2-door;1982;USA;34;4;112;88;2395;18;40000;vgood;80;high;short;vweak;regular;med;vgood
pontiac j2000 se hatchback;1982;USA;31;4;112;85;2575;16.2;27074;vgood;80;high;short;vweak;regular;med;vgood
dodge aries se;1982;USA;29;4;135;84;2525;16;20000;good;80;medium;short;vweak;regular;med;good
pontiac phoenix;1982;USA;27;4;151;90;2735;18;33111;vgood;80;medium;short;vweak;regular;med;vgood
ford fairmont futura;1982;USA;24;4;140;92;2865;16.4;51187;vgood;80;medium;short;vweak;regular;med;vgood
amc concord dl;1982;USA;23;4;151;;3035;20.5;37179;vgood;80;medium;short;vweak;heavy;med;vgood
volkswagen rabbit l;1982;Europe;36;4;105;74;1980;15.3;33473;vgood;80;high;short;vweak;small;med;vgood
mazda glc custom l;1982;Japan;37;4;91;68;2025;18.2;44608;vgood;80;high;vshort;vweak;regular;med;vgood
mazda glc custom;1982;Japan;31;4;91;68;1970;17.6;34686;vgood;80;high;vshort;vweak;small;med;vgood
plymouth horizon miser;1982;USA;38;4;105;63;2125;14.7;48111;vgood;80;high;short;vweak;regular;med;vgood
mercury lynx l;1982;USA;36;4;98;70;2125;17.3;30000;vgood;80;high;vshort;vweak;regular;med;vgood
nissan stanza xe;1982;Japan;36;4;120;88;2160;14.5;34612;vgood;80;high;short;vweak;regular;med;vgood
honda accord;1982;Japan;36;4;107;75;2205;14.5;30000;vgood;80;high;short;vweak;regular;med;vgood
toyota corolla;1982;Japan;34;4;108;70;2245;16.9;30000;vgood;80;high;short;vweak;regular;med;vgood
honda civic;1982;Japan;38;4;91;67;1965;15;30000;vgood;80;high;vshort;vweak;small;med;vgood
honda civic (auto);1982;Japan;32;4;91;67;1965;15.7;30000;vgood;80;high;vshort;vweak;small;med;vgood
datsun 310 gx;1982;Japan;38;4;91;67;1995;16.2;30000;vgood;80;high;vshort;vweak;small;med;vgood
buick century limited;1982;USA;25;6;181;110;2945;16.4;25290;vgood;80;medium;short;weak;regular;med;vgood
oldsmobile cutlass ciera (diesel);1982;USA;38;6;262;85;3015;17;9944;acc;80;high;medium;vweak;heavy;med;acc
chrysler lebaron medallion;1982;USA;26;4;156;92;2585;14.5;34986;vgood;80;medium;short;vweak;regular;med;vgood
ford granada l;1982;USA;22;6;232;112;2835;14.7;22973;good;80;medium;medium;weak;regular;med;good
toyota celica gt;1982;Japan;32;4;144;96;2665;13.9;20000;good;80;high;short;vweak;regular;med;good
dodge charger 2.2;1982;USA;36;4;135;84;2370;13;17422;good;80;high;short;vweak;regular;med;good
chevrolet camaro;1982;USA;27;4;151;90;2950;17.3;12550;good;80;medium;short;vweak;regular;med;good
ford mustang gl;1982;USA;27;4;140;86;2790;15.6;13433;good;80;medium;short;vweak;regular;med;good
vw pickup;1982;Europe;44;4;97;52;2130;24.6;37000;vgood;80;vhigh;vshort;vweak;regular;high;vgood
dodge rampage;1982;USA;32;4;135;84;2295;11.6;47800;vgood;80;high;short;vweak;regular;med;vgood
ford ranger;1982;USA;28;4;120;79;2625;18.6;46000;vgood;80;medium;short;vweak;regular;med;vgood
chevy s-10;1982;USA;31;4;119;82;2720;19.4;9000;acc;80;high;short;vweak;regular;med;acc
